id,name,lat,lon,tipo,accessibility_score,flood_risk
osm_25778210,OSM Node 25778210,-23.5242177,-46.6026239,onibus,0.5,0
osm_60634869,Carandiru,-23.509163,-46.624929,onibus,0.5,0
osm_60634870,Portuguesa - Tietê,-23.5156407,-46.6251282,onibus,0.5,0
osm_60634883,Armênia,-23.5255041,-46.6293526,onibus,0.5,0
osm_60685789,Parada São Luís,-23.5477031,-46.6442349,onibus,0.5,0
osm_60685883,OSM Node 60685883,-23.5407706,-46.634373,onibus,0.5,0
osm_60685887,OSM Node 60685887,-23.5407613,-46.6342093,onibus,0.5,0
osm_60685913,OSM Node 60685913,-23.5429146,-46.6355744,onibus,0.5,0
osm_60685914,OSM Node 60685914,-23.543112,-46.6356965,onibus,0.5,0
osm_60685952,OSM Node 60685952,-23.5424778,-46.6346714,onibus,0.5,0
osm_60734140,Luz,-23.5351689,-46.6348473,onibus,0.5,0
osm_64035259,República,-23.5440229,-46.6426405,onibus,0.5,0
osm_158846093,OSM Node 158846093,-23.5422012,-46.6415445,onibus,0.5,0
osm_163186117,OSM Node 163186117,-23.5031043,-46.6196984,onibus,0.5,0
osm_163192877,Santana,-23.5020677,-46.6247204,onibus,0.5,0
osm_173997509,Pedro II,-23.5497225,-46.6259356,onibus,0.5,0
osm_173997515,Brás,-23.5479213,-46.6157969,onibus,0.5,0
osm_175684361,Anhangabaú,-23.5480088,-46.6390308,onibus,0.5,0
osm_175688340,Santa Cecília,-23.5393395,-46.6489737,onibus,0.5,0
osm_246649660,Tiradentes,-23.5309623,-46.6321397,onibus,0.5,0
osm_599043063,Metro São Bento,-23.5448117,-46.6337703,acesso,0.5,0
osm_600160140,OSM Node 600160140,-23.5440633,-46.6344153,acesso,0.5,0
osm_617798728,OSM Node 617798728,-23.5485202,-46.6384007,acesso,0.5,0
osm_617887941,OSM Node 617887941,-23.5474291,-46.639675,acesso,0.5,0
osm_656346471,Brás,-23.5453006,-46.6163092,onibus,0.5,0
osm_736941792,Estação Santa Cecília,-23.5390598,-46.6495462,acesso,0.5,0
osm_860398558,Metro São Bento,-23.5446867,-46.6332562,acesso,0.5,0
osm_1658464892,Luz,-23.5370674,-46.6336146,onibus,0.5,0
osm_1743222008,Júlio Prestes,-23.5330623,-46.6405032,onibus,0.5,0
osm_1743222016,Júlio Prestes,-23.5330989,-46.6405887,onibus,0.5,0
osm_1843331318,Luz,-23.5349402,-46.6358857,onibus,0.5,0
osm_1843331319,Luz,-23.5353267,-46.6348955,onibus,0.5,0
osm_1843331320,Luz,-23.5350961,-46.6359559,onibus,0.5,0
osm_1843331335,Luz,-23.5354589,-46.6337299,onibus,0.5,0
osm_1938339191,OSM Node 1938339191,-23.5399536,-46.6305431,onibus,0.5,0
osm_1938339294,OSM Node 1938339294,-23.5473595,-46.6264529,onibus,0.5,0
osm_2249399084,Bresser-Mooca,-23.546276,-46.6070715,onibus,0.5,0
osm_2249399085,Bresser-Mooca,-23.5464119,-46.6070362,onibus,0.5,0
osm_2249399086,Brás,-23.5477747,-46.6158154,onibus,0.5,0
osm_2249399087,Pedro II,-23.5496666,-46.6259438,onibus,0.5,0
osm_2262085997,Brás,-23.5451551,-46.6160651,onibus,0.5,0
osm_2262085998,Brás,-23.5451723,-46.616094,onibus,0.5,0
osm_2262086000,Brás,-23.5453233,-46.6163473,onibus,0.5,0
osm_2262086001,Brás,-23.5454011,-46.6164778,onibus,0.5,0
osm_2262086003,Brás,-23.5454214,-46.6165118,onibus,0.5,0
osm_2271182458,Anhangabaú,-23.5479372,-46.6389981,onibus,0.5,0
osm_2271182461,República,-23.5440463,-46.642904,onibus,0.5,0
osm_2271182462,Santa Cecília,-23.5393091,-46.6489353,onibus,0.5,0
osm_2355070882,OSM Node 2355070882,-23.5041766,-46.6266936,onibus,0.5,0
osm_2355070889,OSM Node 2355070889,-23.5040201,-46.6270844,onibus,0.5,0
osm_2387110655,OSM Node 2387110655,-23.5025702,-46.6246118,onibus,0.5,0
osm_2457251657,OSM Node 2457251657,-23.539446,-46.6480786,onibus,0.5,0
osm_2486712501,OSM Node 2486712501,-23.5472015,-46.6069503,onibus,0.5,0
osm_2487413802,República,-23.5441194,-46.6430267,onibus,0.5,0
osm_2520196336,OSM Node 2520196336,-23.503003,-46.6236101,onibus,0.5,0
osm_2530563805,OSM Node 2530563805,-23.5465319,-46.6306171,onibus,0.5,0
osm_2568278077,OSM Node 2568278077,-23.5297111,-46.6421208,onibus,0.5,0
osm_2723887824,OSM Node 2723887824,-23.5076907,-46.6023981,onibus,0.5,0
osm_2736447216,Armênia,-23.5254676,-46.6293903,onibus,0.5,0
osm_2736447222,Carandiru,-23.5091623,-46.6249674,onibus,0.5,0
osm_2736447248,Luz,-23.5370573,-46.6337454,onibus,0.5,0
osm_2736447252,Portuguesa - Tietê,-23.516546,-46.625201,onibus,0.5,0
osm_2736447255,Santana,-23.5030545,-46.6247991,onibus,0.5,0
osm_2736447258,São Bento,-23.5440705,-46.6341833,onibus,0.5,0
osm_2736447262,Tiradentes,-23.530914,-46.6323435,onibus,0.5,0
osm_2746641647,OSM Node 2746641647,-23.5320846,-46.6193016,onibus,0.5,0
osm_2746641648,OSM Node 2746641648,-23.5337073,-46.6188827,onibus,0.5,0
osm_2751703395,Luz,-23.536244,-46.6345503,onibus,0.5,0
osm_2751703399,Luz,-23.5362644,-46.6345194,onibus,0.5,0
osm_2751703427,República,-23.5440787,-46.6425968,onibus,0.5,0
osm_2783736244,OSM Node 2783736244,-23.5162948,-46.6252628,onibus,0.5,0
osm_3409326642,OSM Node 3409326642,-23.5304689,-46.6469237,onibus,0.5,0
osm_3409326643,OSM Node 3409326643,-23.5298635,-46.6471881,onibus,0.5,0
osm_3409326644,OSM Node 3409326644,-23.5333715,-46.6447971,onibus,0.5,0
osm_3409326645,OSM Node 3409326645,-23.5324711,-46.6452468,onibus,0.5,0
osm_3414739669,OSM Node 3414739669,-23.5271518,-46.6107123,onibus,0.5,0
osm_3414739671,OSM Node 3414739671,-23.5256,-46.6132356,onibus,0.5,0
osm_3414744088,OSM Node 3414744088,-23.5295006,-46.6084055,onibus,0.5,0
osm_3426897767,OSM Node 3426897767,-23.5294896,-46.6206706,onibus,0.5,0
osm_3426897769,OSM Node 3426897769,-23.5313766,-46.6212344,onibus,0.5,0
osm_3426897770,OSM Node 3426897770,-23.5314887,-46.6216126,onibus,0.5,0
osm_3429193747,OSM Node 3429193747,-23.5078048,-46.626233,onibus,0.5,0
osm_3429193750,OSM Node 3429193750,-23.5087565,-46.6261999,onibus,0.5,0
osm_3511781364,Anhangabaú,-23.547819,-46.6392744,metro,0.8,0
osm_3716323966,OSM Node 3716323966,-23.5442138,-46.6425297,acesso,0.5,0
osm_3716323967,OSM Node 3716323967,-23.5440037,-46.6427531,acesso,0.5,0
osm_3716323968,OSM Node 3716323968,-23.5439246,-46.6421066,acesso,0.8,0
osm_3716323969,OSM Node 3716323969,-23.5437492,-46.6438926,acesso,0.5,0
osm_3716323970,OSM Node 3716323970,-23.5430361,-46.6439704,acesso,0.5,0
osm_3718145444,OSM Node 3718145444,-23.5481999,-46.6381743,acesso,0.8,0
osm_3718178856,OSM Node 3718178856,-23.5478856,-46.6378919,acesso,0.5,0
osm_3738626462,OSM Node 3738626462,-23.5440032,-46.6340132,acesso,0.5,0
osm_3738638144,OSM Node 3738638144,-23.5436419,-46.635246,acesso,0.5,0
osm_4117565742,Brás,-23.5478581,-46.6159196,metro,0.5,0
osm_4117571828,Pedro II,-23.5496994,-46.6259819,metro,0.5,0
osm_4175106194,OSM Node 4175106194,-23.5018323,-46.6235805,onibus,0.5,0
osm_4175151062,OSM Node 4175151062,-23.501285,-46.6245634,onibus,0.5,0
osm_4175169144,OSM Node 4175169144,-23.5022427,-46.624597,onibus,0.5,0
osm_4175176241,OSM Node 4175176241,-23.5024956,-46.6249096,onibus,0.5,0
osm_4175179023,OSM Node 4175179023,-23.501986,-46.6259769,onibus,0.5,0
osm_4175179024,OSM Node 4175179024,-23.5019937,-46.6257048,onibus,0.5,0
osm_4175179025,OSM Node 4175179025,-23.5020004,-46.6254694,onibus,0.5,0
osm_4175179026,OSM Node 4175179026,-23.5020081,-46.6251938,onibus,0.5,0
osm_4210162644,OSM Node 4210162644,-23.5485567,-46.6434981,onibus,0.5,0
osm_4247742004,"Rua Benjamim Constant, 187",-23.549725,-46.635868,onibus,0.5,0
osm_4251744592,OSM Node 4251744592,-23.5494495,-46.6389437,onibus,0.5,0
osm_4275459543,Estação da Luz,-23.538065,-46.6335305,acesso,0.5,0
osm_4275459544,Estação da Luz,-23.5379227,-46.6340261,acesso,0.5,0
osm_4275459545,Estação da Luz,-23.5366037,-46.6333889,acesso,0.5,0
osm_4275459546,Luz,-23.5361613,-46.6353771,acesso,0.5,0
osm_4311953410,República,-23.5440945,-46.642665,metro,0.5,0
osm_4470507935,Brás,-23.545234,-46.6161974,onibus,0.5,0
osm_4487836029,OSM Node 4487836029,-23.5271329,-46.6322933,onibus,0.5,0
osm_4487836079,OSM Node 4487836079,-23.5334581,-46.6371911,onibus,0.5,0
osm_4501344733,OSM Node 4501344733,-23.5305058,-46.6318167,onibus,0.5,0
osm_4503318128,OSM Node 4503318128,-23.5446638,-46.6339319,onibus,0.5,0
osm_4525711986,OSM Node 4525711986,-23.5486372,-46.6262096,onibus,0.5,0
osm_4593663960,OSM Node 4593663960,-23.5446021,-46.6342398,acesso,0.5,0
osm_4906018811,OSM Node 4906018811,-23.5460561,-46.6479486,onibus,0.5,0
osm_4917018920,OSM Node 4917018920,-23.5130425,-46.6262432,onibus,0.5,0
osm_4917033581,OSM Node 4917033581,-23.515599,-46.6252527,onibus,0.5,0
osm_4962898550,OSM Node 4962898550,-23.5250926,-46.6287788,acesso,0.8,0
osm_4985618204,Júlio Prestes,-23.5332165,-46.6405646,metro,0.5,0
osm_4987808825,Brás,-23.5453263,-46.6164435,metro,0.5,0
osm_5069283190,"Praça Da Se, 21",-23.5489818,-46.6334489,onibus,0.5,0
osm_5079238899,OSM Node 5079238899,-23.5466214,-46.6363449,onibus,0.5,0
osm_5123358564,OSM Node 5123358564,-23.5398622,-46.6303744,onibus,0.5,0
osm_5124420912,OSM Node 5124420912,-23.5391117,-46.6348095,onibus,0.5,0
osm_5124420913,OSM Node 5124420913,-23.5392333,-46.6348486,onibus,0.5,0
osm_5124420915,OSM Node 5124420915,-23.5381074,-46.6346637,onibus,0.5,0
osm_5129439453,OSM Node 5129439453,-23.5386765,-46.6294313,onibus,0.5,0
osm_5129441911,OSM Node 5129441911,-23.5422931,-46.6270997,onibus,0.5,0
osm_5129441913,OSM Node 5129441913,-23.5433873,-46.6270383,onibus,0.5,0
osm_5129441916,OSM Node 5129441916,-23.5432493,-46.6268977,onibus,0.5,0
osm_5131972841,OSM Node 5131972841,-23.5293154,-46.6141178,onibus,0.5,0
osm_5131972842,OSM Node 5131972842,-23.5294668,-46.6144566,onibus,0.5,0
osm_5131972843,OSM Node 5131972843,-23.5309833,-46.6158972,onibus,0.5,0
osm_5131972844,OSM Node 5131972844,-23.5320314,-46.6159725,onibus,0.5,0
osm_5131972845,OSM Node 5131972845,-23.5336476,-46.6172601,onibus,0.5,0
osm_5131972846,OSM Node 5131972846,-23.5357873,-46.6166362,onibus,0.5,0
osm_5131972849,OSM Node 5131972849,-23.5378458,-46.6167217,onibus,0.5,0
osm_5131972850,OSM Node 5131972850,-23.5394121,-46.6159303,onibus,0.5,0
osm_5136473139,OSM Node 5136473139,-23.5404405,-46.6338252,onibus,0.5,0
osm_5137795691,OSM Node 5137795691,-23.5366943,-46.6335438,onibus,0.5,0
osm_5137795701,OSM Node 5137795701,-23.5365947,-46.6331263,acesso,0.5,0
osm_5150462832,OSM Node 5150462832,-23.54879,-46.6037258,onibus,0.5,0
osm_5151594957,OSM Node 5151594957,-23.5164063,-46.6257495,onibus,0.5,0
osm_5153819541,Tiradentes,-23.5309113,-46.6325376,metro,0.5,0
osm_5157733150,OSM Node 5157733150,-23.5312986,-46.6319506,acesso,0.5,0
osm_5157733151,OSM Node 5157733151,-23.5308601,-46.6325714,acesso,0.5,0
osm_5161313752,OSM Node 5161313752,-23.5361089,-46.6324544,onibus,0.5,0
osm_5161313753,OSM Node 5161313753,-23.5360011,-46.632871,onibus,0.5,0
osm_5164149526,OSM Node 5164149526,-23.5104143,-46.6011195,onibus,0.5,0
osm_5164149528,OSM Node 5164149528,-23.509609,-46.6006657,onibus,0.5,0
osm_5164184043,OSM Node 5164184043,-23.515669,-46.6071868,onibus,0.5,0
osm_5164184044,OSM Node 5164184044,-23.5146151,-46.606958,onibus,0.5,0
osm_5164184045,OSM Node 5164184045,-23.514168,-46.6072485,onibus,0.5,0
osm_5164184046,OSM Node 5164184046,-23.5136411,-46.6071423,onibus,0.5,0
osm_5164184047,OSM Node 5164184047,-23.5164729,-46.6053363,onibus,0.5,0
osm_5164184049,OSM Node 5164184049,-23.5156325,-46.6046122,onibus,0.5,0
osm_5164184050,OSM Node 5164184050,-23.5151066,-46.6038432,onibus,0.5,0
osm_5164184052,OSM Node 5164184052,-23.5139621,-46.6031982,onibus,0.5,0
osm_5164184054,OSM Node 5164184054,-23.5128846,-46.6025732,onibus,0.5,0
osm_5168013046,OSM Node 5168013046,-23.5189058,-46.6098012,onibus,0.5,0
osm_5168103225,OSM Node 5168103225,-23.5274986,-46.612603,onibus,0.5,0
osm_5168103226,OSM Node 5168103226,-23.5269798,-46.6119242,onibus,0.5,0
osm_5168103228,OSM Node 5168103228,-23.5318235,-46.617541,onibus,0.5,0
osm_5168103230,OSM Node 5168103230,-23.535129,-46.6189383,onibus,0.5,0
osm_5168103232,OSM Node 5168103232,-23.5370165,-46.6190055,onibus,0.5,0
osm_5168103235,OSM Node 5168103235,-23.5403735,-46.6184566,onibus,0.5,0
osm_5168103238,OSM Node 5168103238,-23.542037,-46.6172567,onibus,0.5,0
osm_5168103239,OSM Node 5168103239,-23.5420098,-46.6172763,onibus,0.5,0
osm_5168103240,OSM Node 5168103240,-23.5444349,-46.6229422,onibus,0.5,0
osm_5173052045,OSM Node 5173052045,-23.5379334,-46.6322907,onibus,0.5,0
osm_5173202077,OSM Node 5173202077,-23.535479,-46.6351111,onibus,0.5,0
osm_5180925489,OSM Node 5180925489,-23.5377704,-46.6146886,onibus,0.5,0
osm_5180925491,OSM Node 5180925491,-23.5397534,-46.6115477,onibus,0.5,0
osm_5180925494,OSM Node 5180925494,-23.5420083,-46.6128432,onibus,0.5,0
osm_5180925496,OSM Node 5180925496,-23.5426517,-46.6155495,onibus,0.5,0
osm_5189267226,OSM Node 5189267226,-23.536499,-46.6336991,onibus,0.5,0
osm_5218620731,OSM Node 5218620731,-23.5423431,-46.6355973,onibus,0.5,0
osm_5218620733,OSM Node 5218620733,-23.5421301,-46.6358249,onibus,0.5,0
osm_5218620759,OSM Node 5218620759,-23.5415578,-46.6353304,onibus,0.5,0
osm_5218620760,OSM Node 5218620760,-23.5418399,-46.6350945,onibus,0.5,0
osm_5219598150,OSM Node 5219598150,-23.5419024,-46.6346985,onibus,0.5,0
osm_5220249161,OSM Node 5220249161,-23.5412235,-46.6349406,onibus,0.5,0
osm_5222153400,OSM Node 5222153400,-23.5429453,-46.6367346,onibus,0.5,0
osm_5232877808,OSM Node 5232877808,-23.5243403,-46.6252735,onibus,0.5,0
osm_5232877810,OSM Node 5232877810,-23.5245345,-46.6255258,onibus,0.5,0
osm_5232877811,OSM Node 5232877811,-23.5205985,-46.6239594,onibus,0.5,0
osm_5232877812,OSM Node 5232877812,-23.5201013,-46.6239735,onibus,0.5,0
osm_5233398676,OSM Node 5233398676,-23.517773,-46.6298631,onibus,0.5,0
osm_5233398679,OSM Node 5233398679,-23.5159499,-46.6297732,onibus,0.5,0
osm_5233398695,OSM Node 5233398695,-23.5218826,-46.6303208,onibus,0.5,0
osm_5241620307,OSM Node 5241620307,-23.5453743,-46.6491844,onibus,0.5,0
osm_5241623054,Parada Caio Prado,-23.5481195,-46.6493503,onibus,0.5,0
osm_5250620643,OSM Node 5250620643,-23.5443822,-46.6477035,onibus,0.5,0
osm_5252539255,OSM Node 5252539255,-23.5434172,-46.6478851,onibus,0.5,0
osm_5253870081,OSM Node 5253870081,-23.5437842,-46.6487647,onibus,0.5,0
osm_5254243270,OSM Node 5254243270,-23.5245192,-46.6263784,onibus,0.5,0
osm_5254243271,OSM Node 5254243271,-23.5244468,-46.6267796,onibus,0.5,0
osm_5254243272,OSM Node 5254243272,-23.5244702,-46.6266498,onibus,0.5,0
osm_5254270110,OSM Node 5254270110,-23.5235581,-46.626599,onibus,0.5,0
osm_5254553762,OSM Node 5254553762,-23.5359924,-46.6340129,onibus,0.5,0
osm_5256906237,OSM Node 5256906237,-23.5331598,-46.6264507,onibus,0.5,0
osm_5257645431,OSM Node 5257645431,-23.5336437,-46.6272237,onibus,0.5,0
osm_5260238758,OSM Node 5260238758,-23.5002605,-46.6002128,onibus,0.5,0
osm_5260238759,OSM Node 5260238759,-23.5002976,-46.6002767,onibus,0.5,0
osm_5260238764,OSM Node 5260238764,-23.5012176,-46.6023704,onibus,0.5,0
osm_5260238765,OSM Node 5260238765,-23.5012244,-46.6026139,onibus,0.5,0
osm_5260238777,OSM Node 5260238777,-23.5001057,-46.6060527,onibus,0.5,0
osm_5260238779,OSM Node 5260238779,-23.5006195,-46.6049642,onibus,0.5,0
osm_5264046110,OSM Node 5264046110,-23.5396605,-46.6001033,onibus,0.5,0
osm_5264046116,OSM Node 5264046116,-23.5383146,-46.6019113,onibus,0.5,0
osm_5268126530,OSM Node 5268126530,-23.5262819,-46.6308886,onibus,0.5,0
osm_5268126532,OSM Node 5268126532,-23.5279297,-46.6315236,onibus,0.5,0
osm_5268126534,OSM Node 5268126534,-23.5235771,-46.6309202,onibus,0.5,0
osm_5268148600,OSM Node 5268148600,-23.513116,-46.6268912,onibus,0.5,0
osm_5277793757,OSM Node 5277793757,-23.528345,-46.6202179,onibus,0.5,0
osm_5277793758,OSM Node 5277793758,-23.5261961,-46.6186698,onibus,0.5,0
osm_5277793759,OSM Node 5277793759,-23.5261013,-46.6186511,onibus,0.5,0
osm_5277793766,OSM Node 5277793766,-23.5288172,-46.6199673,onibus,0.5,0
osm_5277793771,OSM Node 5277793771,-23.5297989,-46.6207649,onibus,0.5,0
osm_5277793777,OSM Node 5277793777,-23.5329634,-46.6217299,onibus,0.5,0
osm_5278448344,OSM Node 5278448344,-23.5167987,-46.6274874,onibus,0.5,0
osm_5278448347,OSM Node 5278448347,-23.5142718,-46.6256375,onibus,0.5,0
osm_5278448349,OSM Node 5278448349,-23.5119301,-46.6251358,onibus,0.5,0
osm_5281923296,OSM Node 5281923296,-23.5492548,-46.6485394,onibus,0.5,0
osm_5286743913,OSM Node 5286743913,-23.5476608,-46.6394829,acesso,0.5,0
osm_5288531326,OSM Node 5288531326,-23.5342663,-46.6006156,onibus,0.5,0
osm_5288615176,OSM Node 5288615176,-23.531415,-46.6018902,onibus,0.5,0
osm_5288615184,OSM Node 5288615184,-23.5302622,-46.602975,onibus,0.5,0
osm_5288615185,OSM Node 5288615185,-23.5306873,-46.6024221,onibus,0.5,0
osm_5289706238,OSM Node 5289706238,-23.5321893,-46.6027862,onibus,0.5,0
osm_5289706239,OSM Node 5289706239,-23.5340938,-46.6025959,onibus,0.5,0
osm_5289706243,OSM Node 5289706243,-23.5369434,-46.6023485,onibus,0.5,0
osm_5290080511,OSM Node 5290080511,-23.5184712,-46.6240902,onibus,0.5,0
osm_5290081133,OSM Node 5290081133,-23.5182059,-46.617773,onibus,0.5,0
osm_5296167755,OSM Node 5296167755,-23.5290908,-46.6034615,onibus,0.5,0
osm_5296167757,OSM Node 5296167757,-23.5278759,-46.6047556,onibus,0.5,0
osm_5296224455,OSM Node 5296224455,-23.5292359,-46.6084594,onibus,0.5,0
osm_5298169115,OSM Node 5298169115,-23.5070174,-46.6050753,onibus,0.5,0
osm_5298169116,OSM Node 5298169116,-23.5078277,-46.6054683,onibus,0.5,0
osm_5298169118,OSM Node 5298169118,-23.5097029,-46.6056106,onibus,0.5,0
osm_5298169119,OSM Node 5298169119,-23.5100206,-46.6058443,onibus,0.5,0
osm_5298169822,OSM Node 5298169822,-23.5114212,-46.6058515,onibus,0.5,0
osm_5300694347,OSM Node 5300694347,-23.5193116,-46.6098456,onibus,0.5,0
osm_5305030759,OSM Node 5305030759,-23.5355215,-46.6223304,onibus,0.5,0
osm_5305030764,OSM Node 5305030764,-23.5377819,-46.6222161,onibus,0.5,0
osm_5305030768,OSM Node 5305030768,-23.5380041,-46.6206266,onibus,0.5,0
osm_5305030769,OSM Node 5305030769,-23.5379186,-46.6184441,onibus,0.5,0
osm_5305157015,OSM Node 5305157015,-23.5347529,-46.6222729,onibus,0.5,0
osm_5305157017,OSM Node 5305157017,-23.5350757,-46.622082,onibus,0.5,0
osm_5305157523,OSM Node 5305157523,-23.5345693,-46.6241713,onibus,0.5,0
osm_5305157524,OSM Node 5305157524,-23.5310021,-46.6235002,onibus,0.5,0
osm_5305157531,OSM Node 5305157531,-23.5300443,-46.6177891,onibus,0.5,0
osm_5305157545,OSM Node 5305157545,-23.5288122,-46.6146386,onibus,0.5,0
osm_5306412679,OSM Node 5306412679,-23.5253352,-46.6271084,onibus,0.5,0
osm_5306412681,OSM Node 5306412681,-23.5197108,-46.6178638,onibus,0.5,0
osm_5306412683,OSM Node 5306412683,-23.5205551,-46.6161966,onibus,0.5,0
osm_5306412684,OSM Node 5306412684,-23.5235734,-46.6120227,onibus,0.5,0
osm_5306412685,OSM Node 5306412685,-23.5239448,-46.607376,onibus,0.5,0
osm_5309328650,OSM Node 5309328650,-23.5215976,-46.6119686,onibus,0.5,0
osm_5312688622,OSM Node 5312688622,-23.5354513,-46.6104841,onibus,0.5,0
osm_5312688625,OSM Node 5312688625,-23.5379002,-46.6084268,onibus,0.5,0
osm_5312688631,OSM Node 5312688631,-23.5347197,-46.6117997,onibus,0.5,0
osm_5312688633,OSM Node 5312688633,-23.5419502,-46.6072748,onibus,0.5,0
osm_5314704087,OSM Node 5314704087,-23.5057932,-46.6263151,onibus,0.5,0
osm_5314704091,OSM Node 5314704091,-23.5061004,-46.6263026,onibus,0.5,0
osm_5314704113,OSM Node 5314704113,-23.5102337,-46.6261878,onibus,0.5,0
osm_5314704116,OSM Node 5314704116,-23.5109676,-46.6262066,onibus,0.5,0
osm_5315020159,OSM Node 5315020159,-23.5305821,-46.6049727,onibus,0.5,0
osm_5315020168,OSM Node 5315020168,-23.5337613,-46.604715,onibus,0.5,0
osm_5315020175,OSM Node 5315020175,-23.5338431,-46.6056763,onibus,0.5,0
osm_5315020177,OSM Node 5315020177,-23.5359025,-46.6048562,onibus,0.5,0
osm_5315020179,OSM Node 5315020179,-23.5382965,-46.6055668,onibus,0.5,0
osm_5315619023,OSM Node 5315619023,-23.5309427,-46.6092265,onibus,0.5,0
osm_5315619031,OSM Node 5315619031,-23.5308407,-46.6097675,onibus,0.5,0
osm_5315619037,OSM Node 5315619037,-23.5297215,-46.6102092,onibus,0.5,0
osm_5315619042,OSM Node 5315619042,-23.5327887,-46.6133132,onibus,0.5,0
osm_5315619051,OSM Node 5315619051,-23.5341468,-46.6146798,onibus,0.5,0
osm_5315619061,OSM Node 5315619061,-23.5354627,-46.6159903,onibus,0.5,0
osm_5315619066,OSM Node 5315619066,-23.5267588,-46.6072454,onibus,0.5,0
osm_5316519428,OSM Node 5316519428,-23.5353132,-46.6197545,onibus,0.5,0
osm_5316519439,OSM Node 5316519439,-23.5338464,-46.6270161,onibus,0.5,0
osm_5316519442,OSM Node 5316519442,-23.5328856,-46.6309033,onibus,0.5,0
osm_5316519444,OSM Node 5316519444,-23.532801,-46.630548,onibus,0.5,0
osm_5316930423,OSM Node 5316930423,-23.5417803,-46.6146703,onibus,0.5,0
osm_5329460456,OSM Node 5329460456,-23.5229083,-46.62345,onibus,0.5,0
osm_5341154965,OSM Node 5341154965,-23.5448494,-46.6213114,onibus,0.5,0
osm_5341154968,OSM Node 5341154968,-23.5463778,-46.6202057,onibus,0.5,0
osm_5341154974,OSM Node 5341154974,-23.5485984,-46.6186286,onibus,0.5,0
osm_5350149972,OSM Node 5350149972,-23.5240944,-46.6170679,onibus,0.5,0
osm_5350149975,OSM Node 5350149975,-23.5243821,-46.6166839,onibus,0.5,0
osm_5350149976,OSM Node 5350149976,-23.5248005,-46.6152424,onibus,0.5,0
osm_5350149977,OSM Node 5350149977,-23.5258808,-46.6128948,onibus,0.5,0
osm_5350149981,OSM Node 5350149981,-23.5269106,-46.6107979,onibus,0.5,0
osm_5354502316,OSM Node 5354502316,-23.5359769,-46.6237709,onibus,0.5,0
osm_5363859733,OSM Node 5363859733,-23.5020701,-46.6225456,onibus,0.5,0
osm_5363859735,OSM Node 5363859735,-23.5028699,-46.6212797,onibus,0.5,0
osm_5363859737,OSM Node 5363859737,-23.5035715,-46.6204561,onibus,0.5,0
osm_5363859747,OSM Node 5363859747,-23.5021685,-46.6163588,onibus,0.5,0
osm_5363859768,OSM Node 5363859768,-23.5024363,-46.6114282,onibus,0.5,0
osm_5368677484,Luz,-23.5353887,-46.6344383,metro,0.5,0
osm_5369262558,Bresser-Mooca,-23.546504,-46.6069301,metro,0.5,0
osm_5369269022,Santa Cecília,-23.5393238,-46.6489566,metro,0.5,0
osm_5369277944,São Bento,-23.5440297,-46.634311,metro,0.5,0
osm_5383268305,OSM Node 5383268305,-23.526186,-46.6348818,onibus,0.5,0
osm_5383268313,OSM Node 5383268313,-23.5244107,-46.6376209,onibus,0.5,0
osm_5383268315,OSM Node 5383268315,-23.5227483,-46.6402893,onibus,0.5,0
osm_5383268823,OSM Node 5383268823,-23.5233313,-46.6423928,onibus,0.5,0
osm_5383268847,OSM Node 5383268847,-23.524831,-46.6456314,onibus,0.5,0
osm_5437768916,OSM Node 5437768916,-23.5277698,-46.625383,onibus,0.5,0
osm_5437768920,OSM Node 5437768920,-23.5279328,-46.6256344,onibus,0.5,0
osm_5448920683,OSM Node 5448920683,-23.5156259,-46.6444758,onibus,0.5,0
osm_5448920692,OSM Node 5448920692,-23.5155863,-46.6490491,onibus,0.5,0
osm_5459665279,OSM Node 5459665279,-23.502234,-46.6002665,onibus,0.5,0
osm_5459665280,OSM Node 5459665280,-23.502092,-46.6002972,onibus,0.5,0
osm_5467328863,OSM Node 5467328863,-23.5221691,-46.6030799,onibus,0.5,0
osm_5497099262,OSM Node 5497099262,-23.5367656,-46.6421255,onibus,0.5,0
osm_5497521743,OSM Node 5497521743,-23.5321012,-46.634526,onibus,0.5,0
osm_5497521745,OSM Node 5497521745,-23.5320232,-46.6342836,onibus,0.5,0
osm_5497521754,OSM Node 5497521754,-23.5311544,-46.6376394,onibus,0.5,0
osm_5503919394,OSM Node 5503919394,-23.5246155,-46.6495807,onibus,0.5,0
osm_5503919395,OSM Node 5503919395,-23.5249001,-46.6496327,onibus,0.5,0
osm_5515405123,OSM Node 5515405123,-23.5421229,-46.6476337,onibus,0.5,0
osm_5521299366,OSM Node 5521299366,-23.524938,-46.6478342,onibus,0.5,0
osm_5521299399,OSM Node 5521299399,-23.5211569,-46.6461387,onibus,0.5,0
osm_5521299401,OSM Node 5521299401,-23.5224126,-46.6489035,onibus,0.5,0
osm_5528314104,OSM Node 5528314104,-23.5282921,-46.6071857,onibus,0.5,0
osm_5543966851,OSM Node 5543966851,-23.5062291,-46.6056912,onibus,0.5,0
osm_5543966853,OSM Node 5543966853,-23.5050744,-46.6082693,onibus,0.5,0
osm_5543966855,OSM Node 5543966855,-23.5037936,-46.6106941,onibus,0.5,0
osm_5543966856,OSM Node 5543966856,-23.5041178,-46.6135382,onibus,0.5,0
osm_5545701476,OSM Node 5545701476,-23.5327303,-46.6114604,onibus,0.5,0
osm_5550167686,OSM Node 5550167686,-23.5355485,-46.613743,onibus,0.5,0
osm_5550167687,OSM Node 5550167687,-23.533307,-46.6122785,onibus,0.5,0
osm_5556847293,OSM Node 5556847293,-23.5157431,-46.6118427,onibus,0.5,0
osm_5562124126,OSM Node 5562124126,-23.5280623,-46.60128,onibus,0.5,0
osm_5562881796,OSM Node 5562881796,-23.5272045,-46.6054704,onibus,0.5,0
osm_5571096473,OSM Node 5571096473,-23.5460936,-46.6219046,onibus,0.5,0
osm_5594934751,OSM Node 5594934751,-23.5007651,-46.6135733,onibus,0.5,0
osm_5599350541,OSM Node 5599350541,-23.5161915,-46.6253701,acesso,0.8,0
osm_5599350542,OSM Node 5599350542,-23.5091307,-46.6250811,acesso,0.8,0
osm_5599350543,OSM Node 5599350543,-23.5025492,-46.6250218,acesso,0.8,0
osm_5599350544,OSM Node 5599350544,-23.5026145,-46.6243664,acesso,0.8,0
osm_5656233205,OSM Node 5656233205,-23.5025801,-46.6184019,onibus,0.5,0
osm_5656254469,OSM Node 5656254469,-23.504604,-46.6224821,onibus,0.5,0
osm_5670228228,OSM Node 5670228228,-23.5478932,-46.6332363,onibus,0.5,0
osm_5787335184,OSM Node 5787335184,-23.5385099,-46.603382,onibus,0.5,0
osm_5842804382,OSM Node 5842804382,-23.5162126,-46.6257265,acesso,0.8,0
osm_5905012462,OSM Node 5905012462,-23.5350092,-46.6298028,onibus,0.5,0
osm_5905012473,OSM Node 5905012473,-23.5355473,-46.6265043,onibus,0.5,0
osm_6188197190,OSM Node 6188197190,-23.5287675,-46.6344075,onibus,0.5,0
osm_6188197209,OSM Node 6188197209,-23.5278192,-46.6372973,onibus,0.5,0
osm_6188377692,OSM Node 6188377692,-23.5336603,-46.6332572,onibus,0.5,0
osm_6228531943,Luz,-23.5365228,-46.6345513,acesso,0.5,0
osm_6313124236,OSM Node 6313124236,-23.5146905,-46.6161032,onibus,0.5,0
osm_6313124238,OSM Node 6313124238,-23.5148592,-46.6162931,onibus,0.5,0
osm_6316644538,OSM Node 6316644538,-23.5090863,-46.6248219,onibus,0.5,0
osm_6346294384,OSM Node 6346294384,-23.50968,-46.6248405,onibus,0.5,0
osm_6346294686,OSM Node 6346294686,-23.5092099,-46.6248253,onibus,0.5,0
osm_6445667806,OSM Node 6445667806,-23.5426563,-46.6160882,onibus,0.5,0
osm_6445996860,OSM Node 6445996860,-23.5391318,-46.6075791,onibus,0.5,0
osm_6499857813,OSM Node 6499857813,-23.5139416,-46.6252017,onibus,0.5,0
osm_6499857815,OSM Node 6499857815,-23.5163448,-46.6250201,onibus,0.5,0
osm_6499857818,OSM Node 6499857818,-23.5127002,-46.624926,onibus,0.5,0
osm_6499857825,OSM Node 6499857825,-23.5044584,-46.6246818,onibus,0.5,0
osm_6558385790,OSM Node 6558385790,-23.5424358,-46.606058,onibus,0.5,0
osm_6561023126,Parada João Boemer,-23.5390588,-46.6070857,onibus,0.5,0
osm_6589227731,OSM Node 6589227731,-23.5467552,-46.6061591,onibus,0.5,0
osm_6589227733,OSM Node 6589227733,-23.5465327,-46.6057514,onibus,0.5,0
osm_6589234908,OSM Node 6589234908,-23.5467995,-46.6081466,onibus,0.5,0
osm_6589234909,OSM Node 6589234909,-23.5468597,-46.6085596,onibus,0.5,0
osm_6595269555,OSM Node 6595269555,-23.5455769,-46.6263665,onibus,0.5,0
osm_6603756272,OSM Node 6603756272,-23.5495748,-46.6299705,onibus,0.5,0
osm_6605998461,OSM Node 6605998461,-23.5466948,-46.6164253,onibus,0.5,0
osm_6605998462,OSM Node 6605998462,-23.5471625,-46.6157546,onibus,0.5,0
osm_6605998463,OSM Node 6605998463,-23.5470363,-46.6158302,onibus,0.5,0
osm_6605998464,OSM Node 6605998464,-23.5485167,-46.6161442,onibus,0.5,0
osm_6633613180,OSM Node 6633613180,-23.5229034,-46.6235852,onibus,0.5,0
osm_6740056839,OSM Node 6740056839,-23.5419121,-46.6422681,onibus,0.5,0
osm_6812196695,OSM Node 6812196695,-23.5415099,-46.6169685,onibus,0.5,0
osm_6886525642,OSM Node 6886525642,-23.5487884,-46.6437692,onibus,0.5,0
osm_6900260443,OSM Node 6900260443,-23.5373518,-46.6137653,onibus,0.5,0
osm_6906798245,OSM Node 6906798245,-23.5402311,-46.6140252,onibus,0.5,0
osm_6906875260,OSM Node 6906875260,-23.5354832,-46.635094,onibus,0.5,0
osm_6906875264,OSM Node 6906875264,-23.5355723,-46.6347336,onibus,0.5,0
osm_6906875266,OSM Node 6906875266,-23.5356463,-46.634434,onibus,0.5,0
osm_6920609115,OSM Node 6920609115,-23.5196103,-46.6020219,onibus,0.5,0
osm_6920609119,OSM Node 6920609119,-23.5198028,-46.6015478,onibus,0.5,0
osm_6967609378,OSM Node 6967609378,-23.5387957,-46.6052669,onibus,0.5,0
osm_7053106074,OSM Node 7053106074,-23.5170858,-46.6050003,onibus,0.5,0
osm_7089672115,OSM Node 7089672115,-23.5002691,-46.6159394,onibus,0.5,0
osm_7089672154,OSM Node 7089672154,-23.5000403,-46.617825,onibus,0.5,0
osm_7250991609,OSM Node 7250991609,-23.5378748,-46.6355446,onibus,0.5,0
osm_7257951712,Luz,-23.5357672,-46.6356153,acesso,0.5,0
osm_7344926832,Desembarque - Terminal Bandeira,-23.5489682,-46.6397045,onibus,0.5,0
osm_7344926840,OSM Node 7344926840,-23.5494028,-46.6398986,onibus,0.5,0
osm_7405616624,Terminal Mercado,-23.5473026,-46.6288544,onibus,0.5,0
osm_7405616627,Terminal Mercado,-23.547398,-46.6291136,onibus,0.5,0
osm_7405616628,Terminal Mercado,-23.5473421,-46.6290036,onibus,0.5,0
osm_7499056240,OSM Node 7499056240,-23.5013251,-46.6133262,onibus,0.5,0
osm_7503450462,OSM Node 7503450462,-23.502363,-46.6110661,onibus,0.5,0
osm_7837944316,OSM Node 7837944316,-23.5450128,-46.6077642,onibus,0.5,0
osm_7840012027,OSM Node 7840012027,-23.5400034,-46.6064817,onibus,0.5,0
osm_8003522032,OSM Node 8003522032,-23.5167905,-46.6296968,onibus,0.5,0
osm_8176453534,OSM Node 8176453534,-23.515354,-46.6266198,onibus,0.5,0
osm_8196645788,OSM Node 8196645788,-23.5056386,-46.6236851,onibus,0.5,0
osm_8196645808,OSM Node 8196645808,-23.5061426,-46.6233336,onibus,0.5,0
osm_8211322689,OSM Node 8211322689,-23.5009121,-46.6252307,onibus,0.5,0
osm_8211322692,OSM Node 8211322692,-23.5008975,-46.6257364,onibus,0.5,0
osm_8220752567,OSM Node 8220752567,-23.5309158,-46.6257283,onibus,0.5,0
osm_8220811132,OSM Node 8220811132,-23.5236098,-46.6252539,onibus,0.5,0
osm_8221968244,OSM Node 8221968244,-23.5183848,-46.6279886,onibus,0.5,0
osm_8221968290,OSM Node 8221968290,-23.5124093,-46.6257145,onibus,0.5,0
osm_8331985365,OSM Node 8331985365,-23.5116126,-46.6236324,onibus,0.5,0
osm_8331985366,OSM Node 8331985366,-23.5106605,-46.6196606,onibus,0.5,0
osm_8525414047,OSM Node 8525414047,-23.5037708,-46.631678,onibus,0.5,0
osm_8526459093,OSM Node 8526459093,-23.5029451,-46.6321608,onibus,0.5,0
osm_8526697526,OSM Node 8526697526,-23.5032938,-46.6375395,onibus,0.5,0
osm_8615441944,OSM Node 8615441944,-23.5123495,-46.6065616,onibus,0.5,0
osm_8623872373,OSM Node 8623872373,-23.5331382,-46.6250539,onibus,0.5,0
osm_8707474282,OSM Node 8707474282,-23.5023673,-46.6410966,onibus,0.5,0
osm_8725319893,OSM Node 8725319893,-23.5475133,-46.6401395,onibus,0.5,0
osm_8764848562,OSM Node 8764848562,-23.536261,-46.6177502,onibus,0.5,0
osm_8764848565,OSM Node 8764848565,-23.5382966,-46.6176326,onibus,0.5,0
osm_8890523351,OSM Node 8890523351,-23.5447388,-46.62559,onibus,0.5,0
osm_8890573846,OSM Node 8890573846,-23.5449257,-46.6197411,onibus,0.5,0
osm_8890573847,OSM Node 8890573847,-23.5451241,-46.6202801,onibus,0.5,0
osm_8890725860,OSM Node 8890725860,-23.5461652,-46.6223475,onibus,0.5,0
osm_8890799175,OSM Node 8890799175,-23.5401549,-46.6118902,onibus,0.5,0
osm_8892693908,OSM Node 8892693908,-23.5465474,-46.6228699,onibus,0.5,0
osm_8996592792,OSM Node 8996592792,-23.5373493,-46.6419221,onibus,0.5,0
osm_8996592799,OSM Node 8996592799,-23.5390843,-46.6404146,onibus,0.5,0
osm_8996592800,OSM Node 8996592800,-23.5395854,-46.6402416,onibus,0.5,0
osm_8998963047,OSM Node 8998963047,-23.5193779,-46.6054861,onibus,0.5,0
osm_8998963048,OSM Node 8998963048,-23.519096,-46.6047505,onibus,0.5,0
osm_9025376418,Parada 2 - República,-23.5440251,-46.6423759,onibus,0.5,0
osm_9025376419,Barão De Itapetininga,-23.543469,-46.6416551,onibus,0.5,0
osm_9025376420,"Avenida S. João, 588",-23.5426713,-46.6396714,onibus,0.5,0
osm_9025376421,"Rua Cons. Crispiniano, 403",-23.543923,-46.6381452,onibus,0.5,0
osm_9025376422,Parada 3 - Theatro Municipal,-23.5454334,-46.6383603,onibus,0.5,0
osm_9025376423,Parada 2 - Viaduto Do Chá,-23.5464218,-46.6391292,onibus,0.5,0
osm_9025376424,Parada 1 - Sete De Abril,-23.5467767,-46.6393371,onibus,0.5,0
osm_9038064685,OSM Node 9038064685,-23.5498804,-46.6400205,onibus,0.5,0
osm_9043780355,OSM Node 9043780355,-23.5345021,-46.6360883,onibus,0.5,0
osm_9043780356,OSM Node 9043780356,-23.5351133,-46.6386835,onibus,0.5,0
osm_9043780357,OSM Node 9043780357,-23.5355283,-46.6409656,onibus,0.5,0
osm_9043780369,OSM Node 9043780369,-23.5409737,-46.6384227,onibus,0.5,0
osm_9045551634,OSM Node 9045551634,-23.5351581,-46.648376,onibus,0.5,0
osm_9046062662,OSM Node 9046062662,-23.5433597,-46.610679,onibus,0.5,0
osm_9046062663,OSM Node 9046062663,-23.5448171,-46.6094517,onibus,0.5,0
osm_9046062664,OSM Node 9046062664,-23.5446713,-46.6037113,onibus,0.5,0
osm_9046062665,OSM Node 9046062665,-23.5439953,-46.601312,onibus,0.5,0
osm_9046062671,OSM Node 9046062671,-23.5393114,-46.6086325,onibus,0.5,0
osm_9046062672,OSM Node 9046062672,-23.5408889,-46.6132235,onibus,0.5,0
osm_9046062678,OSM Node 9046062678,-23.5496671,-46.6361847,onibus,0.5,0
osm_9046062679,OSM Node 9046062679,-23.5495449,-46.6368528,onibus,0.5,0
osm_9046062680,OSM Node 9046062680,-23.5479438,-46.6370874,onibus,0.5,0
osm_9052151970,OSM Node 9052151970,-23.5003614,-46.6261456,onibus,0.5,0
osm_9052151971,OSM Node 9052151971,-23.5003082,-46.6273261,onibus,0.5,0
osm_9052151972,OSM Node 9052151972,-23.5001997,-46.6307373,onibus,0.5,0
osm_9052151973,OSM Node 9052151973,-23.5001986,-46.6313097,onibus,0.5,0
osm_9052151974,OSM Node 9052151974,-23.5002509,-46.6343275,onibus,0.5,0
osm_9052151975,OSM Node 9052151975,-23.5002673,-46.6353284,onibus,0.5,0
osm_9052151976,OSM Node 9052151976,-23.5003115,-46.6374673,onibus,0.5,0
osm_9052151977,OSM Node 9052151977,-23.5012061,-46.6390686,onibus,0.5,0
osm_9052151978,OSM Node 9052151978,-23.500903,-46.6386779,onibus,0.5,0
osm_9052151979,OSM Node 9052151979,-23.5016114,-46.6397365,onibus,0.5,0
osm_9052151980,OSM Node 9052151980,-23.50337,-46.6429383,onibus,0.5,0
osm_9052151981,OSM Node 9052151981,-23.5025845,-46.6462165,onibus,0.5,0
osm_9052151982,OSM Node 9052151982,-23.5014298,-46.6482504,onibus,0.5,0
osm_9052151983,OSM Node 9052151983,-23.5005714,-46.6486801,onibus,0.5,0
osm_9053387527,OSM Node 9053387527,-23.5009829,-46.6226245,onibus,0.5,0
osm_9053387528,OSM Node 9053387528,-23.5034383,-46.623626,onibus,0.5,0
osm_9056177381,OSM Node 9056177381,-23.508426,-46.6007708,onibus,0.5,0
osm_9070679150,OSM Node 9070679150,-23.549392,-46.6393153,onibus,0.5,0
osm_9070679151,OSM Node 9070679151,-23.5494419,-46.6394532,onibus,0.5,0
osm_9070679152,OSM Node 9070679152,-23.5494904,-46.6396988,onibus,0.5,0
osm_9070679153,OSM Node 9070679153,-23.5495017,-46.6398803,onibus,0.5,0
osm_9077441748,OSM Node 9077441748,-23.5469693,-46.6428228,onibus,0.5,0
osm_9077441749,OSM Node 9077441749,-23.5469604,-46.6429208,onibus,0.5,0
osm_9077441750,OSM Node 9077441750,-23.5429321,-46.6434064,onibus,0.5,0
osm_9077441751,OSM Node 9077441751,-23.5427622,-46.6415259,onibus,0.5,0
osm_9077441753,OSM Node 9077441753,-23.54665,-46.632269,onibus,0.5,0
osm_9077441754,OSM Node 9077441754,-23.5489713,-46.6311796,onibus,0.5,0
osm_9077441756,OSM Node 9077441756,-23.5489583,-46.6424815,onibus,0.5,0
osm_9077441757,OSM Node 9077441757,-23.5496144,-46.6450284,onibus,0.5,0
osm_9088046355,OSM Node 9088046355,-23.5327822,-46.6325347,onibus,0.5,0
osm_9094924270,OSM Node 9094924270,-23.5426431,-46.6378149,onibus,0.5,0
osm_9095124757,OSM Node 9095124757,-23.5269931,-46.6488423,onibus,0.5,0
osm_9098873773,OSM Node 9098873773,-23.5406935,-46.6486615,onibus,0.5,0
osm_9098873776,OSM Node 9098873776,-23.5364018,-46.6465618,onibus,0.5,0
osm_9098873794,OSM Node 9098873794,-23.5371922,-46.643346,onibus,0.5,0
osm_9098873795,OSM Node 9098873795,-23.5384732,-46.6451684,onibus,0.5,0
osm_9098873796,OSM Node 9098873796,-23.5400119,-46.646341,onibus,0.5,0
osm_9098873797,OSM Node 9098873797,-23.5422277,-46.6465295,onibus,0.5,0
osm_9098873798,OSM Node 9098873798,-23.5461383,-46.6466508,onibus,0.5,0
osm_9101526779,OSM Node 9101526779,-23.5413956,-46.6448847,onibus,0.5,0
osm_9101526780,OSM Node 9101526780,-23.5417726,-46.646924,onibus,0.5,0
osm_9101526781,OSM Node 9101526781,-23.5393975,-46.6490231,onibus,0.5,0
osm_9101526791,OSM Node 9101526791,-23.5039845,-46.6311802,onibus,0.5,0
osm_9101526792,OSM Node 9101526792,-23.503789,-46.634055,onibus,0.5,0
osm_9101526793,OSM Node 9101526793,-23.5035778,-46.6340041,onibus,0.5,0
osm_9101526794,OSM Node 9101526794,-23.5035967,-46.6369216,onibus,0.5,0
osm_9101526795,OSM Node 9101526795,-23.5046759,-46.6408613,onibus,0.5,0
osm_9101526796,OSM Node 9101526796,-23.5051791,-46.6420577,onibus,0.5,0
osm_9101526798,OSM Node 9101526798,-23.5069174,-46.645703,onibus,0.5,0
osm_9101526799,OSM Node 9101526799,-23.5068326,-46.6466026,onibus,0.5,0
osm_9102559745,OSM Node 9102559745,-23.5262423,-46.6498639,onibus,0.5,0
osm_9102559746,OSM Node 9102559746,-23.5249075,-46.6436501,onibus,0.5,0
osm_9102559747,OSM Node 9102559747,-23.5271184,-46.6424434,onibus,0.5,0
osm_9102559748,OSM Node 9102559748,-23.5288708,-46.6414808,onibus,0.5,0
osm_9102559749,OSM Node 9102559749,-23.5292261,-46.6388634,onibus,0.5,0
osm_9102559751,OSM Node 9102559751,-23.5033856,-46.6249272,onibus,0.5,0
osm_9102559752,OSM Node 9102559752,-23.5058657,-46.6249791,onibus,0.5,0
osm_9102559753,OSM Node 9102559753,-23.5065566,-46.6247482,onibus,0.5,0
osm_9102559754,OSM Node 9102559754,-23.5305577,-46.6343761,onibus,0.5,0
osm_9102559755,OSM Node 9102559755,-23.5294131,-46.6363499,onibus,0.5,0
osm_9102559756,OSM Node 9102559756,-23.5282084,-46.6392948,onibus,0.5,0
osm_9102559757,OSM Node 9102559757,-23.5255742,-46.6407643,onibus,0.5,0
osm_9102559758,OSM Node 9102559758,-23.52453,-46.642144,onibus,0.5,0
osm_9102559759,OSM Node 9102559759,-23.5257518,-46.6446508,onibus,0.5,0
osm_9102559760,OSM Node 9102559760,-23.5266226,-46.6464135,onibus,0.5,0
osm_9103796804,OSM Node 9103796804,-23.5438283,-46.6470607,onibus,0.5,0
osm_9103836929,OSM Node 9103836929,-23.545429,-46.647015,onibus,0.5,0
osm_9106414699,OSM Node 9106414699,-23.5408097,-46.6429889,onibus,0.5,0
osm_9106414700,OSM Node 9106414700,-23.5446649,-46.6438689,onibus,0.5,0
osm_9106414701,OSM Node 9106414701,-23.5424552,-46.6432693,onibus,0.5,0
osm_9106414702,OSM Node 9106414702,-23.5409389,-46.6446969,onibus,0.5,0
osm_9106414703,OSM Node 9106414703,-23.5387707,-46.6468008,onibus,0.5,0
osm_9106414704,OSM Node 9106414704,-23.5382512,-46.6474765,onibus,0.5,0
osm_9111839642,OSM Node 9111839642,-23.5407411,-46.638298,onibus,0.5,0
osm_9111839643,OSM Node 9111839643,-23.5406611,-46.6325824,onibus,0.5,0
osm_9111839644,OSM Node 9111839644,-23.5420712,-46.6383585,onibus,0.5,0
osm_9112159917,OSM Node 9112159917,-23.5006764,-46.6350174,onibus,0.5,0
osm_9112159918,OSM Node 9112159918,-23.5033336,-46.6343249,onibus,0.5,0
osm_9112159919,OSM Node 9112159919,-23.5022778,-46.6288455,onibus,0.5,0
osm_9115214732,OSM Node 9115214732,-23.543193,-46.6376911,onibus,0.5,0
osm_9115214737,OSM Node 9115214737,-23.5415216,-46.638565,onibus,0.5,0
osm_9121189032,OSM Node 9121189032,-23.5301945,-46.6394759,onibus,0.5,0
osm_9121315043,OSM Node 9121315043,-23.5497735,-46.639766,onibus,0.5,0
osm_9121315044,OSM Node 9121315044,-23.5497134,-46.6393851,onibus,0.5,0
osm_9121315045,OSM Node 9121315045,-23.5496301,-46.6393986,onibus,0.5,0
osm_9121315046,OSM Node 9121315046,-23.5496853,-46.6397872,onibus,0.5,0
osm_9122777924,OSM Node 9122777924,-23.5067084,-46.6262778,onibus,0.5,0
osm_9122777925,OSM Node 9122777925,-23.5463106,-46.6372901,onibus,0.5,0
osm_9122777930,OSM Node 9122777930,-23.5417653,-46.6345987,onibus,0.5,0
osm_9122777931,OSM Node 9122777931,-23.5403573,-46.6353837,onibus,0.5,0
osm_9122777932,OSM Node 9122777932,-23.5114759,-46.6280063,onibus,0.5,0
osm_9142476110,OSM Node 9142476110,-23.5418263,-46.6397698,onibus,0.5,0
osm_9142921904,OSM Node 9142921904,-23.5357204,-46.6442575,onibus,0.5,0
osm_9148557474,OSM Node 9148557474,-23.533371,-46.6497912,onibus,0.5,0
osm_9148557475,OSM Node 9148557475,-23.5340993,-46.6485314,onibus,0.5,0
osm_9148557476,OSM Node 9148557476,-23.5343699,-46.6456563,onibus,0.5,0
osm_9148557477,OSM Node 9148557477,-23.5356681,-46.6466994,onibus,0.5,0
osm_9148557478,OSM Node 9148557478,-23.5384224,-46.6444248,onibus,0.5,0
osm_9148557479,OSM Node 9148557479,-23.5406829,-46.642566,onibus,0.5,0
osm_9150444564,OSM Node 9150444564,-23.5344316,-46.642601,onibus,0.5,0
osm_9165663907,OSM Node 9165663907,-23.5395965,-46.6418041,onibus,0.5,0
osm_9166041971,OSM Node 9166041971,-23.5275712,-46.6416052,onibus,0.5,0
osm_9166041976,OSM Node 9166041976,-23.5268741,-46.6436572,onibus,0.5,0
osm_9166041979,OSM Node 9166041979,-23.5258914,-46.6316921,onibus,0.5,0
osm_9166041980,OSM Node 9166041980,-23.5276218,-46.6409021,onibus,0.5,0
osm_9166041981,OSM Node 9166041981,-23.5321098,-46.6384231,onibus,0.5,0
osm_9166041982,OSM Node 9166041982,-23.5325716,-46.6367613,onibus,0.5,0
osm_9167511083,OSM Node 9167511083,-23.5281959,-46.6389136,onibus,0.5,0
osm_9167511084,OSM Node 9167511084,-23.524552,-46.6288725,onibus,0.5,0
osm_9167778383,OSM Node 9167778383,-23.5059934,-46.6228044,onibus,0.5,0
osm_9167778397,OSM Node 9167778397,-23.5149236,-46.6408407,onibus,0.5,0
osm_9167778398,OSM Node 9167778398,-23.5150589,-46.6407753,onibus,0.5,0
osm_9167778399,OSM Node 9167778399,-23.5142215,-46.6324883,onibus,0.5,0
osm_9167778400,OSM Node 9167778400,-23.5141432,-46.6350312,onibus,0.5,0
osm_9167778401,OSM Node 9167778401,-23.5147366,-46.6389928,onibus,0.5,0
osm_9167778402,OSM Node 9167778402,-23.5145904,-46.6389177,onibus,0.5,0
osm_9167778403,OSM Node 9167778403,-23.5139946,-46.634877,onibus,0.5,0
osm_9167778404,OSM Node 9167778404,-23.5140759,-46.6323044,onibus,0.5,0
osm_9180647861,OSM Node 9180647861,-23.532959,-46.6467687,onibus,0.5,0
osm_9180647862,OSM Node 9180647862,-23.5309261,-46.6435535,onibus,0.5,0
osm_9180647863,OSM Node 9180647863,-23.5297841,-46.6416911,onibus,0.5,0
osm_9180681634,OSM Node 9180681634,-23.5059199,-46.603766,onibus,0.5,0
osm_9180681635,OSM Node 9180681635,-23.5065733,-46.6018089,onibus,0.5,0
osm_9183388194,OSM Node 9183388194,-23.5361685,-46.6128932,onibus,0.5,0
osm_9183388195,OSM Node 9183388195,-23.5361137,-46.6383849,onibus,0.5,0
osm_9183388196,OSM Node 9183388196,-23.5221206,-46.6462384,onibus,0.5,0
osm_9183388197,OSM Node 9183388197,-23.5350181,-46.60881,onibus,0.5,0
osm_9183388198,OSM Node 9183388198,-23.5365954,-46.6073925,onibus,0.5,0
osm_9183388199,OSM Node 9183388199,-23.5433241,-46.6052697,onibus,0.5,0
osm_9183388200,OSM Node 9183388200,-23.5497372,-46.6012909,onibus,0.5,0
osm_9208069892,OSM Node 9208069892,-23.5488135,-46.6397182,onibus,0.5,0
osm_9212147729,OSM Node 9212147729,-23.5494761,-46.6372318,onibus,0.5,0
osm_9229259744,OSM Node 9229259744,-23.5477417,-46.6392975,acesso,0.8,0
osm_9229259745,OSM Node 9229259745,-23.5478244,-46.6392032,acesso,0.8,0
osm_9241306122,OSM Node 9241306122,-23.5052795,-46.624098,onibus,0.5,0
osm_9244314124,OSM Node 9244314124,-23.5474729,-46.6310912,onibus,0.5,0
osm_9244314125,OSM Node 9244314125,-23.5470432,-46.6313038,onibus,0.5,0
osm_9262065447,OSM Node 9262065447,-23.5466021,-46.6042411,onibus,0.5,0
osm_9262065481,OSM Node 9262065481,-23.54858,-46.6062501,onibus,0.5,0
osm_9268412287,OSM Node 9268412287,-23.5220309,-46.606649,onibus,0.5,0
osm_9270418787,OSM Node 9270418787,-23.5244822,-46.6288583,onibus,0.5,0
osm_9270418789,OSM Node 9270418789,-23.524758,-46.6289113,onibus,0.5,0
osm_9270418791,OSM Node 9270418791,-23.5301919,-46.63218,onibus,0.5,0
osm_9270418801,OSM Node 9270418801,-23.5268832,-46.6304148,onibus,0.5,0
osm_9277894495,OSM Node 9277894495,-23.5491069,-46.6048091,onibus,0.5,0
osm_9277894497,OSM Node 9277894497,-23.54745,-46.6010401,onibus,0.5,0
osm_9283573656,OSM Node 9283573656,-23.5422802,-46.6302715,onibus,0.5,0
osm_9286963875,OSM Node 9286963875,-23.501071,-46.6167823,onibus,0.5,0
osm_9286963876,OSM Node 9286963876,-23.5010709,-46.6192022,onibus,0.5,0
osm_9286963877,OSM Node 9286963877,-23.5479303,-46.6253031,onibus,0.5,0
osm_9288678239,OSM Node 9288678239,-23.5047805,-46.606338,onibus,0.5,0
osm_9288678240,OSM Node 9288678240,-23.5035316,-46.6089016,onibus,0.5,0
osm_9300366760,OSM Node 9300366760,-23.5090897,-46.6167692,onibus,0.5,0
osm_9300366761,OSM Node 9300366761,-23.5092284,-46.6166333,onibus,0.5,0
osm_9300366762,OSM Node 9300366762,-23.5103461,-46.6194316,onibus,0.5,0
osm_9300366765,OSM Node 9300366765,-23.5113628,-46.6217998,onibus,0.5,0
osm_9300366768,OSM Node 9300366768,-23.511432,-46.6245461,onibus,0.5,0
osm_9300366770,OSM Node 9300366770,-23.5068214,-46.6153974,onibus,0.5,0
osm_9300366771,OSM Node 9300366771,-23.5069248,-46.6152984,onibus,0.5,0
osm_9300366772,OSM Node 9300366772,-23.5043554,-46.6150458,onibus,0.5,0
osm_9300366773,OSM Node 9300366773,-23.5040876,-46.6152041,onibus,0.5,0
osm_9300366774,OSM Node 9300366774,-23.5019771,-46.6154158,onibus,0.5,0
osm_9307349793,OSM Node 9307349793,-23.5276895,-46.6267604,onibus,0.5,0
osm_9312647794,OSM Node 9312647794,-23.536522,-46.6278611,onibus,0.5,0
osm_9312647795,OSM Node 9312647795,-23.5344938,-46.602066,onibus,0.5,0
osm_9324720097,OSM Node 9324720097,-23.5382053,-46.6005934,onibus,0.5,0
osm_9333179658,OSM Node 9333179658,-23.5469313,-46.6313591,onibus,0.5,0
osm_9362260851,OSM Node 9362260851,-23.5359181,-46.6481087,onibus,0.5,0
osm_9431243343,OSM Node 9431243343,-23.5138857,-46.6010564,onibus,0.5,0
osm_9433803246,OSM Node 9433803246,-23.5031775,-46.642581,onibus,0.5,0
osm_9434217671,OSM Node 9434217671,-23.5040132,-46.6402112,onibus,0.5,0
osm_9442485669,OSM Node 9442485669,-23.502531,-46.6462869,onibus,0.5,0
osm_9442696716,OSM Node 9442696716,-23.5019179,-46.6431463,onibus,0.5,0
osm_9442736625,OSM Node 9442736625,-23.5004978,-46.6438064,onibus,0.5,0
osm_9501057263,OSM Node 9501057263,-23.5225246,-46.646376,onibus,0.5,0
osm_9501057265,OSM Node 9501057265,-23.5237356,-46.6490947,onibus,0.5,0
osm_9506330443,OSM Node 9506330443,-23.5171156,-46.6163657,onibus,0.5,0
osm_9506330444,OSM Node 9506330444,-23.5163608,-46.6162746,onibus,0.5,0
osm_9506330450,OSM Node 9506330450,-23.5115943,-46.6136728,onibus,0.5,0
osm_9506330451,OSM Node 9506330451,-23.5120391,-46.6109491,onibus,0.5,0
osm_9506330452,OSM Node 9506330452,-23.5087541,-46.6111729,onibus,0.5,0
osm_9831157136,OSM Node 9831157136,-23.5413067,-46.6346711,onibus,0.5,0
osm_10103820070,OSM Node 10103820070,-23.5141358,-46.6080698,onibus,0.5,0
osm_10307506280,OSM Node 10307506280,-23.545881,-46.6315492,onibus,0.5,0
osm_10307506282,OSM Node 10307506282,-23.5459448,-46.6312212,onibus,0.5,0
osm_10307506284,OSM Node 10307506284,-23.549152,-46.6335108,onibus,0.5,0
osm_10307665817,OSM Node 10307665817,-23.5415806,-46.6164691,onibus,0.5,0
osm_10309732998,OSM Node 10309732998,-23.5411783,-46.6366618,onibus,0.5,0
osm_10311743946,OSM Node 10311743946,-23.5313408,-46.6118449,onibus,0.5,0
osm_10313320472,OSM Node 10313320472,-23.502322,-46.6237153,onibus,0.5,0
osm_10313752436,OSM Node 10313752436,-23.5008736,-46.6115155,onibus,0.5,0
osm_10431254459,OSM Node 10431254459,-23.5341466,-46.6448495,onibus,0.5,0
osm_10536948966,OSM Node 10536948966,-23.5091803,-46.625065,onibus,0.5,0
osm_10563748441,OSM Node 10563748441,-23.5186644,-46.6141463,onibus,0.5,0
osm_10563748443,OSM Node 10563748443,-23.5153637,-46.6203473,onibus,0.5,0
osm_10563748445,OSM Node 10563748445,-23.5228806,-46.6240581,onibus,0.5,0
osm_10563748482,OSM Node 10563748482,-23.514269,-46.6235691,onibus,0.5,0
osm_10563748483,OSM Node 10563748483,-23.5147149,-46.609433,onibus,0.5,0
osm_10564912641,OSM Node 10564912641,-23.5094619,-46.6155758,onibus,0.5,0
osm_10564912642,OSM Node 10564912642,-23.5104394,-46.6158306,onibus,0.5,0
osm_10564912643,OSM Node 10564912643,-23.5132718,-46.6100375,onibus,0.5,0
osm_10564912644,OSM Node 10564912644,-23.5073001,-46.6015283,onibus,0.5,0
osm_10568076520,OSM Node 10568076520,-23.5021694,-46.6237101,onibus,0.5,0
osm_10572732506,OSM Node 10572732506,-23.5399805,-46.6113042,onibus,0.5,0
osm_10572763492,OSM Node 10572763492,-23.5428319,-46.6358401,onibus,0.5,0
osm_10572763493,OSM Node 10572763493,-23.5425767,-46.6354877,onibus,0.5,0
osm_10578203781,OSM Node 10578203781,-23.5167803,-46.6163251,onibus,0.5,0
osm_10579128927,OSM Node 10579128927,-23.5159482,-46.6092476,onibus,0.5,0
osm_10584548758,OSM Node 10584548758,-23.5025484,-46.623598,onibus,0.5,0
osm_10597022756,OSM Node 10597022756,-23.5321483,-46.6099569,onibus,0.5,0
osm_10597022757,OSM Node 10597022757,-23.5340208,-46.6077837,onibus,0.5,0
osm_10597022759,OSM Node 10597022759,-23.5363027,-46.6055275,onibus,0.5,0
osm_10599212563,OSM Node 10599212563,-23.5013466,-46.6223803,onibus,0.5,0
osm_10599212568,OSM Node 10599212568,-23.5282871,-46.6088023,onibus,0.5,0
osm_10604868948,OSM Node 10604868948,-23.5033128,-46.6236215,onibus,0.5,0
osm_10604868949,OSM Node 10604868949,-23.5035469,-46.6236294,onibus,0.5,0
osm_10724416479,OSM Node 10724416479,-23.5400864,-46.627466,onibus,0.5,0
osm_10808944184,OSM Node 10808944184,-23.5197536,-46.6111683,onibus,0.5,0
osm_10834107396,OSM Node 10834107396,-23.5376787,-46.6450373,onibus,0.5,0
osm_10975933526,OSM Node 10975933526,-23.5165744,-46.6247961,acesso,0.8,0
osm_11055833298,OSM Node 11055833298,-23.5031331,-46.6251734,onibus,0.5,0
osm_11055833301,OSM Node 11055833301,-23.5030056,-46.6258865,onibus,0.5,0
osm_11063911584,OSM Node 11063911584,-23.534204,-46.6449447,onibus,0.5,0
osm_11063911589,OSM Node 11063911589,-23.5343301,-46.6446774,onibus,0.5,0
osm_11355730126,OSM Node 11355730126,-23.5386843,-46.6138408,onibus,0.5,0
osm_12065977752,OSM Node 12065977752,-23.5437629,-46.6345648,acesso,0.5,0
osm_12066002196,São Bento,-23.544067,-46.6341593,onibus,0.5,0
osm_12085502742,OSM Node 12085502742,-23.5240863,-46.6285738,onibus,0.5,0
osm_12106160370,Estação Santa Cecília - Linha Vermelha (1),-23.5394093,-46.6488046,acesso,0.5,0
osm_12132468449,OSM Node 12132468449,-23.5029407,-46.623828,onibus,0.5,0
osm_12132468450,OSM Node 12132468450,-23.5021677,-46.6238043,onibus,0.5,0
osm_12140989064,OSM Node 12140989064,-23.5135506,-46.6159824,onibus,0.5,0
osm_12161219339,OSM Node 12161219339,-23.5141844,-46.6160503,onibus,0.5,0
osm_12453539827,OSM Node 12453539827,-23.5387894,-46.6484008,onibus,0.5,0
osm_12453733015,OSM Node 12453733015,-23.5351182,-46.6444345,onibus,0.5,0
osm_12844871002,OSM Node 12844871002,-23.5475093,-46.6301748,onibus,0.5,0
